Emp ID,First Name,Last Name,E Mail,Date of Birth,Salary,Phone No. ,City
677509,Lois,Walker,lois.walker@hotmail.com,3/29/1981,168251,303-572-8492,Denver
940761,Brenda,Robinson,brenda.robinson@gmail.com,7/31/1970,51063,225-945-4954,Stonewall
428945,Joe,Robinson,joe.robinson@gmail.com,6/16/1963,50155,219-904-2161,Michigantown
408351,Diane,Evans,diane.evans@yahoo.com,12/4/1977,180294,215-793-6791,Hydetown
193819,Benjamin,Russell,benjamin.russell@charter.net,4/17/1977,117642,262-404-2252,Fremont
499687,Patrick,Bailey,patrick.bailey@aol.com,9/27/1982,72305,319-812-6957,Macksburg
539712,Nancy,Baker,nancy.baker@bp.com,6/13/1995,98189,229-336-5117,Atlanta
380086,Carol,Murphy,carol.murphy@gmail.com,6/30/1958,60918,216-336-0009,Blanchester
477616,Frances,Young,frances.young@gmail.com,6/9/1959,121587,210-819-9765,Delmita
162402,Diana,Peterson,diana.peterson@hotmail.co.uk,11/13/1987,43010,479-783-5656,Eureka Springs
231469,Ralph,Flores,ralph.flores@yahoo.com,2/5/1975,118457,316-280-2864,Sabetha
153989,Jack,Alexander,jack.alexander@gmail.com,5/19/1995,82965,702-603-3769,Las Vegas
386158,Melissa,King,melissa.king@comcast.net,2/24/1972,166892,216-605-3731,New Matamoras
301576,Wayne,Watson,wayne.watson@gmail.com,6/26/1996,92758,701-231-9370,Maida
441771,Cheryl,Scott,cheryl.scott@gmail.com,2/23/1958,92220,215-288-9345,Quecreek
528509,Paula,Diaz,paula.diaz@gmail.com,8/22/1966,152654,252-531-7641,Beulaville
912990,Joshua,Stewart,joshua.stewart@yahoo.ca,5/18/1970,184896,217-279-9342,New Douglas
214352,Theresa,Lee,theresa.lee@gmail.com,12/5/1992,197537,319-553-8919,Toeterville
890290,Julia,Scott,julia.scott@apple.com,7/15/1959,141518,423-939-1010,Primm Springs
622406,Thomas,Lewis,thomas.lewis@gmail.com,10/4/1967,73862,314-679-3697,Dutchtown
979607,Carol,Edwards,carol.edwards@msn.com,12/14/1994,93967,225-283-4295,Shreveport
969580,Matthew,Turner,matthew.turner@gmail.com,10/26/1993,52237,236-972-7624,Heathsville
426038,Joan,Stewart,joan.stewart@yahoo.com,11/20/1972,111673,216-637-6800,Middleport
388642,Ruby,Rogers,ruby.rogers@gmail.com,5/1/1980,160623,423-231-6507,Woodbury
560455,Carolyn,Hayes,carolyn.hayes@hotmail.co.uk,3/10/1958,42005,239-882-8784,Saint Cloud
477253,Anne,Russell,anne.russell@ibm.com,7/29/1989,103160,605-635-1306,Stockholm
263480,Daniel,Cooper,daniel.cooper@yahoo.com,1/1/1990,153790,701-510-8162,Manning
683826,Roger,Roberts,roger.roberts@gmail.com,7/7/1969,129625,206-497-3141,Mount Vernon
474599,Maria,Walker,maria.walker@microsoft.com,3/19/1975,48944,423-668-5506,Lawrenceburg
335732,Brenda,Butler,brenda.butler@gmail.com,12/6/1963,60508,480-814-8284,Mesa
329752,Lillian,Brown,lillian.brown@aol.com,5/12/1981,67251,239-812-9041,Panacea
893212,Amy,Howard,amy.howard@aol.com,6/16/1981,112715,803-613-3168,Kline
621833,Gregory,Edwards,gregory.edwards@outlook.com,8/31/1993,169245,503-256-9654,Bonanza
456747,Roy,Griffin,roy.griffin@yahoo.com,5/8/1991,170895,219-506-9378,Liberty
278556,Richard,Mitchell,richard.mitchell@verizon.net,7/28/1993,122226,205-621-5884,Ohatchee
333476,Mary,Wilson,mary.wilson@sbcglobal.net,12/1/1967,109394,423-937-8660,Nashville
218791,Aaron,Price,aaron.price@bp.com,2/10/1969,54402,219-287-8926,Eckerty
134841,Donna,Brown,donna.brown@aol.com,9/14/1983,129836,212-434-7910,Lima
726264,Carl,Collins,carl.collins@yahoo.com,12/22/1973,162159,479-740-7633,Wright
766610,Joyce,Jenkins,joyce.jenkins@aol.com,8/22/1961,119321,262-455-4187,Ellsworth
923947,Mary,Bryant,mary.bryant@verizon.net,6/21/1962,155442,319-827-3516,Conroy
227922,Amanda,Hughes,amanda.hughes@rediffmail.com,7/29/1982,114257,225-544-9700,Lake Charles
265813,Jack,Campbell,jack.campbell@gmail.com,1/4/1985,186280,316-499-5737,Kalvesta
247137,Alan,Rivera,alan.rivera@apple.com,12/11/1978,154810,423-277-6819,Knoxville
407061,Elizabeth,Jackson,elizabeth.jackson@aol.com,8/15/1964,85420,603-568-6118,Rochester
226714,Nancy,Davis,nancy.davis@ibm.com,11/14/1983,94986,219-610-3067,Bowling Green
702813,Ernest,Martinez,ernest.martinez@gmail.com,11/9/1989,172098,479-951-4138,Uniontown
524896,Judy,Hernandez,judy.hernandez@gmail.com,3/25/1961,133332,316-736-6126,Topeka
363065,Nancy,Jones,nancy.jones@gmail.com,11/10/1993,61924,212-825-1930,New York City
879753,Pamela,Wright,pamela.wright@aol.com,4/14/1996,149262,307-329-8832,Banner
958326,Larry,Miller,larry.miller@shell.com,10/31/1988,97904,217-574-9283,East Saint Louis
447813,Ann,Coleman,ann.coleman@ibm.com,5/11/1989,130014,319-994-4179,Hancock
525955,Judy,Gonzales,judy.gonzales@gmail.com,6/17/1959,149575,201-640-8645,Eatontown
818384,Peter,Washington,peter.washington@bp.com,11/6/1982,173226,231-322-0316,Portage
971640,Clarence,Ross,clarence.ross@apple.com,12/13/1960,165272,423-772-0118,Oneida
253573,Sharon,Lopez,sharon.lopez@gmail.com,5/4/1991,190139,304-934-5548,Bartley
904898,Ann,Cooper,ann.cooper@exxonmobil.com,12/25/1992,182521,406-278-6460,Arlee
515103,Anne,Perez,anne.perez@sbcglobal.net,5/5/1958,114426,423-837-3338,Cookeville
491943,Nancy,Howard,nancy.howard@gmail.com,5/5/1961,101553,236-973-8086,Saxe
750173,Antonio,Roberts,antonio.roberts@hotmail.com,8/27/1995,181646,205-267-7304,Mc Calla
687017,Frances,Watson,frances.watson@outlook.com,1/30/1961,46945,406-530-8069,Trego
241882,Debra,Wood,debra.wood@hotmail.com,10/30/1969,84318,308-646-6219,Blair
758872,Henry,Jenkins,henry.jenkins@hotmail.com,11/6/1984,102384,314-731-7135,Riverside
940922,Melissa,Butler,melissa.butler@hotmail.com,11/14/1994,167631,308-827-9016,Maxwell
917937,Todd,Hall,todd.hall@yahoo.com,8/31/1991,163560,240-513-8668,Randallstown
917395,Christopher,Nelson,christopher.nelson@aol.com,3/29/1960,190765,480-946-9780,Willow Beach
183071,Andrea,Garcia,andrea.garcia@aol.com,7/6/1985,54179,219-624-3708,Granger
316110,Jeremy,Sanchez,jeremy.sanchez@hotmail.com,2/5/1965,178847,423-974-2755,Alcoa
293459,Steven,Phillips,steven.phillips@hotmail.com,9/12/1986,90108,225-968-5952,Baton Rouge
732017,Cynthia,Ramirez,cynthia.ramirez@btinternet.com,9/22/1982,90531,406-961-7340,Browning
915638,Jason,Anderson,jason.anderson@gmail.com,1/3/1974,76636,217-856-6752,Hudson
478003,Cynthia,White,cynthia.white@gmail.com,6/15/1963,186200,314-593-3092,Kansas City
951225,Margaret,Brooks,margaret.brooks@gmail.com,6/27/1992,43867,303-960-0117,Haswell
883936,Douglas,Flores,douglas.flores@gmail.com,4/21/1986,181793,303-836-4721,Eckert
528673,Paul,Watson,paul.watson@hotmail.com,3/9/1959,145235,270-556-7711,Blue River
765850,Linda,Moore,linda.moore@gmail.com,8/18/1991,113256,215-793-7095,Albion
262382,Cheryl,Miller,cheryl.miller@ntlworld.com,4/20/1985,64143,270-880-3858,Bays
870820,Martha,Washington,martha.washington@aol.com,3/28/1991,116629,405-945-0242,Nardin
806955,William,Hernandez,william.hernandez@rediffmail.com,7/22/1967,73734,239-276-0532,Mary Esther
325319,Carolyn,Price,carolyn.price@yahoo.com,5/30/1976,48736,217-409-4338,Wheaton
623253,Ruby,Stewart,ruby.stewart@gmail.com,10/23/1968,174774,218-445-2369,Margie
225925,Paul,Cooper,paul.cooper@gmail.com,8/12/1991,73526,210-984-4722,Glidden
761821,Ernest,Washington,ernest.washington@msn.com,10/28/1984,176675,212-596-1659,Saranac Lake
400173,Dorothy,Edwards,dorothy.edwards@hotmail.co.uk,1/19/1984,179017,215-902-6888,Philadelphia
802554,Ryan,Alexander,ryan.alexander@shell.com,8/1/1993,106628,225-395-3347,Jarreau
476433,Lillian,Mitchell,lillian.mitchell@shaw.ca,10/23/1974,149878,316-876-1484,Wichita
533952,Kelly,Adams,kelly.adams@bp.com,5/23/1975,51878,405-418-0037,Meno
623929,Jimmy,Howard,jimmy.howard@yahoo.com,11/27/1966,120631,212-855-9316,Oriskany
844177,Margaret,Allen,margaret.allen@gmail.com,9/8/1981,180107,216-697-6987,Richmond Dale
212893,Janet,Henderson,janet.henderson@ntlworld.com,12/24/1979,114481,239-769-6347,Miami
185032,Eugene,Perez,eugene.perez@exxonmobil.com,10/6/1979,122950,262-472-7112,Racine
867084,Deborah,Smith,deborah.smith@yahoo.com,10/31/1977,52767,907-279-8694,Atqasuk
969964,Janice,Parker,janice.parker@yahoo.com,1/12/1980,147641,314-842-5984,Whiteman Air Force Base
158666,Rebecca,Stewart,rebecca.stewart@gmail.com,8/11/1961,160043,209-233-7631,Independence
489424,Phillip,White,phillip.white@gmail.com,3/4/1978,181774,503-668-6592,Mapleton
639892,Jose,Hill,jose.hill@hotmail.com,10/8/1994,129774,228-245-5000,Biloxi
704709,Harold,Nelson,harold.nelson@gmail.com,12/24/1984,156194,217-555-9216,Carol Stream
461593,Nicole,Ward,nicole.ward@yahoo.com,12/12/1964,95673,231-761-7861,Detroit
392491,Theresa,Murphy,theresa.murphy@gmail.com,12/30/1987,51015,907-356-1555,Mc Grath
495141,Tammy,Young,tammy.young@comcast.net,3/22/1979,93650,231-290-3075,Alma
